Airport Name,URL
Aalborg,https://www.airlinequality.com/airport-reviews/aalborg-airport
Aarhus,https://www.airlinequality.com/airport-reviews/aarhus-airport
Abbotsford Intl,https://www.airlinequality.com/airport-reviews/abbotsford-intl-airport
Aberdeen,https://www.airlinequality.com/airport-reviews/aberdeen-airport
Abidjan,https://www.airlinequality.com/airport-reviews/abidjan-airport
Abu Dhabi,https://www.airlinequality.com/airport-reviews/abu-dhabi-airport
Abuja,https://www.airlinequality.com/airport-reviews/abuja-airport
Acapulco,https://www.airlinequality.com/airport-reviews/acapulco-airport
Accra Kotoka,https://www.airlinequality.com/airport-reviews/accra-kotoka-airport
Adana,https://www.airlinequality.com/airport-reviews/adana-airport
Addis Ababa,https://www.airlinequality.com/airport-reviews/addis-ababa-airport
Adelaide,https://www.airlinequality.com/airport-reviews/adelaide-airport
Agadir,https://www.airlinequality.com/airport-reviews/agadir-airport
Agadir Al Massira,https://www.airlinequality.com/airport-reviews/agadir-al-massira-airport
Aguadilla,https://www.airlinequality.com/airport-reviews/aguadilla-airport
Aguascalientes,https://www.airlinequality.com/airport-reviews/aguascalientes-international-airport
Ahmedabad,https://www.airlinequality.com/airport-reviews/ahmedabad-airport
Ajaccio,https://www.airlinequality.com/airport-reviews/ajaccio-airport
Akita,https://www.airlinequality.com/airport-reviews/akita-airport
Akron–Canton,https://www.airlinequality.com/airport-reviews/akron-canton-airport
Al Ain,https://www.airlinequality.com/airport-reviews/al-ain-airport
Al Ula,https://www.airlinequality.com/airport-reviews/al-ula-airport
Albany,https://www.airlinequality.com/airport-reviews/albany-airport
Albuquerque,https://www.airlinequality.com/airport-reviews/albuquerque-airport
Albury,https://www.airlinequality.com/airport-reviews/albury-airport
Alderney,https://www.airlinequality.com/airport-reviews/alderney-airport
Alexandria Intl,https://www.airlinequality.com/airport-reviews/alexandria-intl-airport
Alghero Fertilia,https://www.airlinequality.com/airport-reviews/alghero-fertilia-airport
Algiers,https://www.airlinequality.com/airport-reviews/algiers-airport
Alicante,https://www.airlinequality.com/airport-reviews/alicante-airport
Alice Springs,https://www.airlinequality.com/airport-reviews/alice-springs-airport
Almaty,https://www.airlinequality.com/airport-reviews/almaty-airport
Almeria,https://www.airlinequality.com/airport-reviews/almeria-airport
Alor Setar,https://www.airlinequality.com/airport-reviews/alor-setar-airport
Altenburg,https://www.airlinequality.com/airport-reviews/altenburg-airport
Amarillo,https://www.airlinequality.com/airport-reviews/amarillo-airport
Amman Queen Alia,https://www.airlinequality.com/airport-reviews/amman-queen-alia-airport
Amritsar,https://www.airlinequality.com/airport-reviews/amritsar-airport
Amsterdam Schiphol,https://www.airlinequality.com/airport-reviews/amsterdam-schiphol-airport
Anchorage,https://www.airlinequality.com/airport-reviews/anchorage-airport
Ancona,https://www.airlinequality.com/airport-reviews/ancona-falconara-airport
Ankara,https://www.airlinequality.com/airport-reviews/ankara-airport
ANR Robinson International,https://www.airlinequality.com/airport-reviews/anr-robinson-international-airport
Antalya,https://www.airlinequality.com/airport-reviews/antalya-airport
Antananarivo,https://www.airlinequality.com/airport-reviews/antananarivo-airport
Antigua Vc Bird,https://www.airlinequality.com/airport-reviews/antigua-vc-bird-airport
Antwerp Deurne,https://www.airlinequality.com/airport-reviews/antwerp-deurne-airport
Arkhangelsk,https://www.airlinequality.com/airport-reviews/arkhangelsk-airport
Aruba Reina Beatrix,https://www.airlinequality.com/airport-reviews/aruba-reina-beatrix-airport
Ashgabat,https://www.airlinequality.com/airport-reviews/ashgabat-airport
Aspen Pitkin County,https://www.airlinequality.com/airport-reviews/aspen-pitkin-county-airport
Astana,https://www.airlinequality.com/airport-reviews/astana-airport
Asturias,https://www.airlinequality.com/airport-reviews/asturias-airport
Asuncion Silvio Pettirossi,https://www.airlinequality.com/airport-reviews/asuncion-silvio-pettirossi-airport
Athens,https://www.airlinequality.com/airport-reviews/athens-airport
Atlanta Hartsfield,https://www.airlinequality.com/airport-reviews/atlanta-hartsfield-airport
Auckland,https://www.airlinequality.com/airport-reviews/auckland-airport
Austin,https://www.airlinequality.com/airport-reviews/austin-airport
Avignon,https://www.airlinequality.com/airport-reviews/avignon-airport
Ayers Rock,https://www.airlinequality.com/airport-reviews/ayers-rock-airport
Bacau,https://www.airlinequality.com/airport-reviews/bacau-airport
Bacolod–Silay,https://www.airlinequality.com/airport-reviews/bacolod-silay-airport
Bagdogra,https://www.airlinequality.com/airport-reviews/bagdogra-airport
Baghdad,https://www.airlinequality.com/airport-reviews/baghdad-airport
Bahrain,https://www.airlinequality.com/airport-reviews/bahrain-airport
Baku,https://www.airlinequality.com/airport-reviews/baku-airport
Ballina Byron,https://www.airlinequality.com/airport-reviews/ballina-byron-airport
Baltimore Washington,https://www.airlinequality.com/airport-reviews/baltimore-washington-airport
Bandar Seri Begawan,https://www.airlinequality.com/airport-reviews/bandar-seri-begawan-airport
Bandung,https://www.airlinequality.com/airport-reviews/bandung-airport
Baneasa,https://www.airlinequality.com/airport-reviews/baneasa-airport
Bangalore,https://www.airlinequality.com/airport-reviews/bangalore-airport
Bangkok Don Muang,https://www.airlinequality.com/airport-reviews/bangkok-don-muang-airport
Bangkok Suvarnabhumi,https://www.airlinequality.com/airport-reviews/bangkok-suvarnabhumi-airport
Bangor,https://www.airlinequality.com/airport-reviews/bangor-airport
Banjarmasin,https://www.airlinequality.com/airport-reviews/banjarmasin-airport
Banjul,https://www.airlinequality.com/airport-reviews/banjul-airport
Barbados Grantley Adams,https://www.airlinequality.com/airport-reviews/barbados-grantley-adams-airport
Barcelona,https://www.airlinequality.com/airport-reviews/barcelona-airport
Bari Palese,https://www.airlinequality.com/airport-reviews/bari-palese-airport
Barnaul,https://www.airlinequality.com/airport-reviews/barnaul-airport
Barra Eoligarry,https://www.airlinequality.com/airport-reviews/barra-eoligarry-airport
Basel Mulhouse,https://www.airlinequality.com/airport-reviews/basel-mulhouse-airport
Batumi,https://www.airlinequality.com/airport-reviews/batumi
Bay Of Islands (kerikeri),https://www.airlinequality.com/airport-reviews/bay-of-islands-kerikeri-airport
Beauvais,https://www.airlinequality.com/airport-reviews/beauvais-airport
Beijing Capital,https://www.airlinequality.com/airport-reviews/beijing-capital-airport
Beijing Daxing,https://www.airlinequality.com/airport-reviews/beijing-daxing-airport
Beirut,https://www.airlinequality.com/airport-reviews/beirut-airport
Belem,https://www.airlinequality.com/airport-reviews/belem-airport
Belfast,https://www.airlinequality.com/airport-reviews/belfast-airport
Belfast City,https://www.airlinequality.com/airport-reviews/belfast-city-airport
Belgrade,https://www.airlinequality.com/airport-reviews/belgrade-airport
Belize,https://www.airlinequality.com/airport-reviews/belize-airport
Bellingham,https://www.airlinequality.com/airport-reviews/bellingham-airport
Belo Horizonte Confins,https://www.airlinequality.com/airport-reviews/belo-horizonte-confins-airport
Benghazi,https://www.airlinequality.com/airport-reviews/benghazi-airport
Bengkulu,https://www.airlinequality.com/airport-reviews/bengkulu-airport
Bergen,https://www.airlinequality.com/airport-reviews/bergen-airport
Bergerac,https://www.airlinequality.com/airport-reviews/bergerac-airport
Berlin Brandenburg,https://www.airlinequality.com/airport-reviews/berlin-brandenburg-airport
Berlin Schonefeld,https://www.airlinequality.com/airport-reviews/berlin-schonefeld-airport
Berlin Tegel,https://www.airlinequality.com/airport-reviews/berlin-tegel-airport
Berlin Tempelhof,https://www.airlinequality.com/airport-reviews/berlin-tempelhof-airport
Bermuda,https://www.airlinequality.com/airport-reviews/bermuda-airport
Berne,https://www.airlinequality.com/airport-reviews/berne-airport
Bharatpur,https://www.airlinequality.com/airport-reviews/bharatpur-airport
Bhopal,https://www.airlinequality.com/airport-reviews/bhopal-airport
Bhubaneswar,https://www.airlinequality.com/airport-reviews/bhubaneswar-airport
Biarritz,https://www.airlinequality.com/airport-reviews/biarritz-airport
Bilbao,https://www.airlinequality.com/airport-reviews/bilbao-airport
Billund,https://www.airlinequality.com/airport-reviews/billund-airport
Biratnagar,https://www.airlinequality.com/airport-reviews/biratnagar-airport
Birmingham,https://www.airlinequality.com/airport-reviews/birmingham-airport
Birmingham-Shuttlesworth,https://www.airlinequality.com/airport-reviews/birmingham-shuttlesworth-airport
Birsa Munda,https://www.airlinequality.com/airport-reviews/birsa-munda-airport
Bishkek,https://www.airlinequality.com/airport-reviews/bishkek-airport
Bismarck,https://www.airlinequality.com/airport-reviews/bismarck-airport
Bissau,https://www.airlinequality.com/airport-reviews/bissau-airport
Blackpool,https://www.airlinequality.com/airport-reviews/blackpool-airport
Blantyre,https://www.airlinequality.com/airport-reviews/blantyre-airport
Bloemfontein,https://www.airlinequality.com/airport-reviews/bloemfontein-airport
Bloomington,https://www.airlinequality.com/airport-reviews/bloomington-airport
Boa Vista,https://www.airlinequality.com/airport-reviews/boa-vista-airport
Bocas Del Toro,https://www.airlinequality.com/airport-reviews/bocas-del-toro-airport
Bodrum,https://www.airlinequality.com/airport-reviews/bodrum-airport
Bogota,https://www.airlinequality.com/airport-reviews/bogota-airport
Bohol-Panglao,https://www.airlinequality.com/airport-reviews/bohol-panglao-airport
Boise,https://www.airlinequality.com/airport-reviews/boise-airport
Bologna Marconi,https://www.airlinequality.com/airport-reviews/bologna-marconi-airport
Bonriki International,https://www.airlinequality.com/airport-reviews/bonriki-international-airport
Bordeaux,https://www.airlinequality.com/airport-reviews/bordeaux-airport
Borg El Arab,https://www.airlinequality.com/airport-reviews/borg-el-arab-airport
Boston Logan,https://www.airlinequality.com/airport-reviews/boston-logan-airport
Bourgas,https://www.airlinequality.com/airport-reviews/bourgas-airport
Bournemouth,https://www.airlinequality.com/airport-reviews/bournemouth-airport
Bozeman Yellowstone,https://www.airlinequality.com/airport-reviews/bozeman-yellowstone-airport
Bradley,https://www.airlinequality.com/airport-reviews/bradley-airport
Braganca,https://www.airlinequality.com/airport-reviews/braganca-airport
Brasilia,https://www.airlinequality.com/airport-reviews/brasilia-airport
Bratislava,https://www.airlinequality.com/airport-reviews/bratislava-airport
Bremen,https://www.airlinequality.com/airport-reviews/bremen-airport
Brescia,https://www.airlinequality.com/airport-reviews/brescia-airport
Brindisi,https://www.airlinequality.com/airport-reviews/brindisi-airport
Brisbane,https://www.airlinequality.com/airport-reviews/brisbane-airport
Bristol,https://www.airlinequality.com/airport-reviews/bristol-airport
Brno,https://www.airlinequality.com/airport-reviews/brno-airport
Broken Hill,https://www.airlinequality.com/airport-reviews/broken-hill-airport
Broome,https://www.airlinequality.com/airport-reviews/broome-airport
Brussels Charleroi,https://www.airlinequality.com/airport-reviews/brussels-charleroi-airport
Brussels Zaventem,https://www.airlinequality.com/airport-reviews/brussels-zaventem-airport
Bucharest Otopeni,https://www.airlinequality.com/airport-reviews/bucharest-otopeni-airport
Budapest Ferihegy,https://www.airlinequality.com/airport-reviews/budapest-ferihegy-airport
Buenos Aires Aeroparque,https://www.airlinequality.com/airport-reviews/buenos-aires-aeroparque
Buenos Aires,https://www.airlinequality.com/airport-reviews/buenos-aires-airport
Buffalo,https://www.airlinequality.com/airport-reviews/buffalo-airport
Bujumbura,https://www.airlinequality.com/airport-reviews/bujumbura-airport
Burbank Glendale Pasadena,https://www.airlinequality.com/airport-reviews/burbank-glendale-pasadena-airport
Burgas,https://www.airlinequality.com/airport-reviews/burgas-airport
Burlington,https://www.airlinequality.com/airport-reviews/burlington-airport
Burnie Wynyard,https://www.airlinequality.com/airport-reviews/burnie-wynyard-airport
Bydgoszcz,https://www.airlinequality.com/airport-reviews/bydgoszcz-airport
Cagliari,https://www.airlinequality.com/airport-reviews/cagliari-airport
Cairns,https://www.airlinequality.com/airport-reviews/cairns-airport
Cairo,https://www.airlinequality.com/airport-reviews/cairo-airport
Calcutta,https://www.airlinequality.com/airport-reviews/calcutta-airport
Calgary,https://www.airlinequality.com/airport-reviews/calgary-airport
Calicut Intl,https://www.airlinequality.com/airport-reviews/calicut-intl-airport
Camiguin,https://www.airlinequality.com/airport-reviews/camiguin-airport
Canberra,https://www.airlinequality.com/airport-reviews/canberra-airport
Cancun,https://www.airlinequality.com/airport-reviews/cancun-airport
Cape Town,https://www.airlinequality.com/airport-reviews/cape-town-airport
Caracas,https://www.airlinequality.com/airport-reviews/caracas-airport
Carcassonne,https://www.airlinequality.com/airport-reviews/carcassonne-airport
Cardiff,https://www.airlinequality.com/airport-reviews/cardiff-airport
Cartagena Rafael Nunez,https://www.airlinequality.com/airport-reviews/cartagena-rafael-nunez-airport
Casablanca,https://www.airlinequality.com/airport-reviews/casablanca-airport
Cascais,https://www.airlinequality.com/airport-reviews/cascais-airport
Catania,https://www.airlinequality.com/airport-reviews/catania-airport
Caticlan Boracay,https://www.airlinequality.com/airport-reviews/caticlan-boracay-airport
Cayenne,https://www.airlinequality.com/airport-reviews/cayenne-airport
Cebu,https://www.airlinequality.com/airport-reviews/cebu-airport
Centrair Nagoya,https://www.airlinequality.com/airport-reviews/centrair-nagoya-airport
Central Nebraska Regional,https://www.airlinequality.com/airport-reviews/central-nebraska-regional-airport
Chambery,https://www.airlinequality.com/airport-reviews/chambery-airport
Chandigarh,https://www.airlinequality.com/airport-reviews/chandigarh-airport
Changsha Huanghua,https://www.airlinequality.com/airport-reviews/changsha-huanghua-airport
Changzhou,https://www.airlinequality.com/airport-reviews/changzhou-airport
Chania,https://www.airlinequality.com/airport-reviews/chania-airport
Charlotte,https://www.airlinequality.com/airport-reviews/charlotte-airport
Chattanooga Metropolitan,https://www.airlinequality.com/airport-reviews/chattanooga-metropolitan-airport
Chengdu,https://www.airlinequality.com/airport-reviews/chengdu-airport
Chengdu Tianfu,https://www.airlinequality.com/airport-reviews/chengdu-tianfu-airport
Chennai,https://www.airlinequality.com/airport-reviews/chennai-airport
Chiang Mai,https://www.airlinequality.com/airport-reviews/chiang-mai-airport
Chiang Rai,https://www.airlinequality.com/airport-reviews/chiang-rai-airport
Chicago Midway,https://www.airlinequality.com/airport-reviews/chicago-midway-airport
Chicago O'Hare,https://www.airlinequality.com/airport-reviews/chicago-ohare-airport
Chisinau,https://www.airlinequality.com/airport-reviews/chisinau-airport
Chittagong Shah Amanat,https://www.airlinequality.com/airport-reviews/chittagong-shah-amanat-airport
Chongqing Jiangbei,https://www.airlinequality.com/airport-reviews/chongqing-jiangbei-airport
Christchurch,https://www.airlinequality.com/airport-reviews/christchurch-airport
Christmas Island,https://www.airlinequality.com/airport-reviews/christmas-island-airport
Cibao,https://www.airlinequality.com/airport-reviews/cibao-airport
Cincinnati,https://www.airlinequality.com/airport-reviews/cincinnati-airport
Ciudad Juarez,https://www.airlinequality.com/airport-reviews/ciudad-juarez-airport
Clark,https://www.airlinequality.com/airport-reviews/clark-airport
Cleveland,https://www.airlinequality.com/airport-reviews/cleveland-airport
Cluj-napoca,https://www.airlinequality.com/airport-reviews/cluj-napoca-airport
Cochabamba,https://www.airlinequality.com/airport-reviews/cochabamba-airport
Cochin,https://www.airlinequality.com/airport-reviews/cochin-airport
Coffs Harbour,https://www.airlinequality.com/airport-reviews/coffs-harbour-airport
Coimbatore,https://www.airlinequality.com/airport-reviews/coimbatore-airport
College Station,https://www.airlinequality.com/airport-reviews/college-station-airport
Cologne/bonn,https://www.airlinequality.com/airport-reviews/colognebonn-airport
Colombo,https://www.airlinequality.com/airport-reviews/colombo-airport
Colorado Springs,https://www.airlinequality.com/airport-reviews/colorado-springs-airport
Columbia Metropolitan,https://www.airlinequality.com/airport-reviews/columbia-metropolitan-airport
Columbus,https://www.airlinequality.com/airport-reviews/columbus-airport
Conakry,https://www.airlinequality.com/airport-reviews/conakry-airport
Cooma-snowy Mountains,https://www.airlinequality.com/airport-reviews/cooma-snowy-mountains-airport
Copenhagen,https://www.airlinequality.com/airport-reviews/copenhagen-airport
Cordoba Intl,https://www.airlinequality.com/airport-reviews/cordoba-intl-airport
Corfu,https://www.airlinequality.com/airport-reviews/corfu-airport
Cork,https://www.airlinequality.com/airport-reviews/cork-airport
Corpus Christi,https://www.airlinequality.com/airport-reviews/corpus-christi-airport
Cotonou,https://www.airlinequality.com/airport-reviews/cotonou-airport
Coventry,https://www.airlinequality.com/airport-reviews/coventry-airport
Craiova Intl,https://www.airlinequality.com/airport-reviews/craiova-intl-airport
Crown Point Tobago,https://www.airlinequality.com/airport-reviews/crown-point-tobago-airport
Cúcuta,https://www.airlinequality.com/airport-reviews/cucuta-airport
Cuiaba,https://www.airlinequality.com/airport-reviews/cuiaba-airport
Curacao,https://www.airlinequality.com/airport-reviews/curacao-airport
Cusco,https://www.airlinequality.com/airport-reviews/cusco-airport
Da Nang,https://www.airlinequality.com/airport-reviews/da-nang-airport
Dakar,https://www.airlinequality.com/airport-reviews/dakar-airport
Dalaman,https://www.airlinequality.com/airport-reviews/dalaman-airport
Dalian,https://www.airlinequality.com/airport-reviews/dalian-airport
Dallas Fort-Worth,https://www.airlinequality.com/airport-reviews/dallas-fort-worth-airport
Dallas Love Field,https://www.airlinequality.com/airport-reviews/dallas-love-field-airport
Damascus,https://www.airlinequality.com/airport-reviews/damascus-airport
Dammam Port,https://www.airlinequality.com/airport-reviews/dammam-port-airport
Dane County Regional,https://www.airlinequality.com/airport-reviews/dane-county-regional-airport
Dar Es Salaam,https://www.airlinequality.com/airport-reviews/dar-es-salaam-airport
Darbhanga,https://www.airlinequality.com/airport-reviews/darbhanga-airport
Darwin,https://www.airlinequality.com/airport-reviews/darwin-airport
Davao,https://www.airlinequality.com/airport-reviews/davao-airport
Daytona Beach,https://www.airlinequality.com/airport-reviews/daytona-beach-airport
Deer Lake Regional,https://www.airlinequality.com/airport-reviews/deer-lake-regional-airport
Delhi,https://www.airlinequality.com/airport-reviews/delhi-airport
Denizli Cardak,https://www.airlinequality.com/airport-reviews/denizli-cardak-airport
Denpasar Bali,https://www.airlinequality.com/airport-reviews/denpasar-bali-airport
Denver,https://www.airlinequality.com/airport-reviews/denver-airport
Derry,https://www.airlinequality.com/airport-reviews/derry-airport
Des Moines,https://www.airlinequality.com/airport-reviews/des-moines-airport
Destin-ft. Walton Beach,https://www.airlinequality.com/airport-reviews/destin-ft-walton-beach-airport
Detroit,https://www.airlinequality.com/airport-reviews/detroit-airport
Dhaka,https://www.airlinequality.com/airport-reviews/dhaka-zia-airport
Dili,https://www.airlinequality.com/airport-reviews/dili-airport
Dimapur,https://www.airlinequality.com/airport-reviews/dimapur-airport
Dinard,https://www.airlinequality.com/airport-reviews/dinard-airport
Djibouti Ambouli,https://www.airlinequality.com/airport-reviews/djibouti-ambouli-airport
Doha,https://www.airlinequality.com/airport-reviews/doha-airport
Doncaster Sheffield,https://www.airlinequality.com/airport-reviews/doncaster-sheffield-airport
Donetsk,https://www.airlinequality.com/airport-reviews/donetsk-airport
Dortmund,https://www.airlinequality.com/airport-reviews/dortmund-airport
Douala,https://www.airlinequality.com/airport-reviews/douala-airport
Douglas–Charles,https://www.airlinequality.com/airport-reviews/douglas-charles-airport
Dresden,https://www.airlinequality.com/airport-reviews/dresden-airport
Dubai,https://www.airlinequality.com/airport-reviews/dubai-airport
Dubai World Central,https://www.airlinequality.com/airport-reviews/dubai-world-central-airport
Dublin,https://www.airlinequality.com/airport-reviews/dublin-airport
Dubrovnik,https://www.airlinequality.com/airport-reviews/dubrovnik-airport
Dundee,https://www.airlinequality.com/airport-reviews/dundee-airport
Dunedin,https://www.airlinequality.com/airport-reviews/dunedin-airport
Durban,https://www.airlinequality.com/airport-reviews/durban-airport
Durgapur,https://www.airlinequality.com/airport-reviews/durgapur-airport
Durham/tees Valley,https://www.airlinequality.com/airport-reviews/durhamtees-valley-airport
Dushanbe,https://www.airlinequality.com/airport-reviews/dushanbe-airport
Dusseldorf,https://www.airlinequality.com/airport-reviews/dusseldorf-airport
East Midlands,https://www.airlinequality.com/airport-reviews/east-midlands-airport
Edinburgh,https://www.airlinequality.com/airport-reviews/edinburgh-airport
Edmonton,https://www.airlinequality.com/airport-reviews/edmonton-airport
Eilat,https://www.airlinequality.com/airport-reviews/eilat-airport
Eindhoven,https://www.airlinequality.com/airport-reviews/eindhoven-airport
Ekaterinburg Koltsovo,https://www.airlinequality.com/airport-reviews/ekaterinburg-koltsovo-airport
El Alto,https://www.airlinequality.com/airport-reviews/el-alto-airport
El Calafate,https://www.airlinequality.com/airport-reviews/el-calafate-airport
El Paso,https://www.airlinequality.com/airport-reviews/el-paso-airport
El Salvador Intl,https://www.airlinequality.com/airport-reviews/el-salvador-intl-airport
Ende,https://www.airlinequality.com/airport-reviews/ende-airport
Enfidha-hammamet,https://www.airlinequality.com/airport-reviews/enfidha-hammamet-airport
Entebbe,https://www.airlinequality.com/airport-reviews/entebbe-airport
Erbil Intl,https://www.airlinequality.com/airport-reviews/erbil-intl-airport
Ercan,https://www.airlinequality.com/airport-reviews/ercan-airport
Exeter,https://www.airlinequality.com/airport-reviews/exeter-airport
Fairbanks,https://www.airlinequality.com/airport-reviews/fairbanks-airport
Faleolo,https://www.airlinequality.com/airport-reviews/faleolo-airport
Fargo,https://www.airlinequality.com/airport-reviews/fargo-airport
Faro,https://www.airlinequality.com/airport-reviews/faro-airport
Fayetteville,https://www.airlinequality.com/airport-reviews/fayetteville-airport
Fes-Saïss,https://www.airlinequality.com/airport-reviews/fes-saiss-airport
Florence,https://www.airlinequality.com/airport-reviews/florence-airport
Forli (bologna),https://www.airlinequality.com/airport-reviews/forli-bologna-airport
Fort Lauderdale,https://www.airlinequality.com/airport-reviews/fort-lauderdale-airport
Fort Myers,https://www.airlinequality.com/airport-reviews/fort-myers-airport
Fort Wayne,https://www.airlinequality.com/airport-reviews/fort-wayne-airport
Fortaleza,https://www.airlinequality.com/airport-reviews/fortaleza-airport
Foz do Iguacu,https://www.airlinequality.com/airport-reviews/foz-do-iguacu-airport
Frankfurt Hahn,https://www.airlinequality.com/airport-reviews/frankfurt-hahn-airport
Frankfurt Main,https://www.airlinequality.com/airport-reviews/frankfurt-main-airport
Freetown,https://www.airlinequality.com/airport-reviews/freetown-airport
Friedrichshafen,https://www.airlinequality.com/airport-reviews/friedrichshafen-airport
Fuerteventura,https://www.airlinequality.com/airport-reviews/fuerteventura-airport
Fukuoka,https://www.airlinequality.com/airport-reviews/fukuoka-airport
Funchal,https://www.airlinequality.com/airport-reviews/funchal-airport
Fuzhou,https://www.airlinequality.com/airport-reviews/fuzhou-airport
Gary Chicago,https://www.airlinequality.com/airport-reviews/garychicago-airport
Gdansk,https://www.airlinequality.com/airport-reviews/gdansk-airport
Geneva,https://www.airlinequality.com/airport-reviews/geneva-airport
Genova,https://www.airlinequality.com/airport-reviews/genova-airport
Gibraltar,https://www.airlinequality.com/airport-reviews/gibraltar-airport
Gimhae,https://www.airlinequality.com/airport-reviews/gimhae-airport
Girona,https://www.airlinequality.com/airport-reviews/girona-airport
Glacier Park,https://www.airlinequality.com/airport-reviews/glacier-park-airport
Gladstone,https://www.airlinequality.com/airport-reviews/gladstone-airport
Glasgow,https://www.airlinequality.com/airport-reviews/glasgow-airport
Glasgow Prestwick,https://www.airlinequality.com/airport-reviews/glasgow-prestwick-airport
Goa,https://www.airlinequality.com/airport-reviews/goa-airport
Gold Coast,https://www.airlinequality.com/airport-reviews/gold-coast-airport
Gorontalo Jalaluddin,https://www.airlinequality.com/airport-reviews/gorontalo-jalaluddin-airport
Gothenburg City,https://www.airlinequality.com/airport-reviews/gothenburg-city-airport
Gothenburg-landvetter,https://www.airlinequality.com/airport-reviews/gothenburg-landvetter-airport
Gran Canaria,https://www.airlinequality.com/airport-reviews/gran-canaria-airport
Granada,https://www.airlinequality.com/airport-reviews/granada-airport
Grand Rapids,https://www.airlinequality.com/airport-reviews/grand-rapids-airport
Graz,https://www.airlinequality.com/airport-reviews/graz-airport
Greater Binghamton,https://www.airlinequality.com/airport-reviews/greater-binghamton-airport
Greater Rochester,https://www.airlinequality.com/airport-reviews/greater-rochester-airport
Green Bay,https://www.airlinequality.com/airport-reviews/green-bay-airport
Greenville–Spartanburg,https://www.airlinequality.com/airport-reviews/greenville-spartanburg-airport
Grenoble,https://www.airlinequality.com/airport-reviews/grenoble-airport
Griffith,https://www.airlinequality.com/airport-reviews/griffith-airport
Guadalajara,https://www.airlinequality.com/airport-reviews/guadalajara-airport
Guangzhou,https://www.airlinequality.com/airport-reviews/guangzhou-airport
Guatemala,https://www.airlinequality.com/airport-reviews/guatemala-airport
Guayaquil,https://www.airlinequality.com/airport-reviews/guayaquil-airport
Guernsey,https://www.airlinequality.com/airport-reviews/guernsey-airport
Guilin Liangjiang,https://www.airlinequality.com/airport-reviews/guilin-liangjiang-airport
Gulfport,https://www.airlinequality.com/airport-reviews/gulfport-airport
Guwahati,https://www.airlinequality.com/airport-reviews/guwahati-airport
Gwalior,https://www.airlinequality.com/airport-reviews/gwalior-airport
Santa Genoveva,https://www.airlinequality.com/airport-reviews/goiania-santa-genoveva-airport
Haikou,https://www.airlinequality.com/airport-reviews/haikou-airport
Hailar Dongshan,https://www.airlinequality.com/airport-reviews/hailar-dongshan-airport
Hakodate,https://www.airlinequality.com/airport-reviews/hakodate-airport
Halifax,https://www.airlinequality.com/airport-reviews/halifax-airport
Hamad  Doha,https://www.airlinequality.com/airport-reviews/hamad-doha-airport
Hamburg,https://www.airlinequality.com/airport-reviews/hamburg-airport
Hamburg Lubek,https://www.airlinequality.com/airport-reviews/hamburg-lubek-airport
Hamilton,https://www.airlinequality.com/airport-reviews/hamilton-airport
Hamilton Island,https://www.airlinequality.com/airport-reviews/hamilton-island-airport
Hancock County-bar Harbor,https://www.airlinequality.com/airport-reviews/hancock-county-bar-harbor-airport
Hangzhou,https://www.airlinequality.com/airport-reviews/hangzhou-airport
Hannover,https://www.airlinequality.com/airport-reviews/hannover-airport
Hanoi,https://www.airlinequality.com/airport-reviews/hanoi-airport
Harare,https://www.airlinequality.com/airport-reviews/harare-airport
Harbin Taiping,https://www.airlinequality.com/airport-reviews/harbin-taiping
Hargeisa Egal,https://www.airlinequality.com/airport-reviews/hargeisa-egal
Harrisburg,https://www.airlinequality.com/airport-reviews/harrisburg-airport
Hartford,https://www.airlinequality.com/airport-reviews/hartford-airport
Hat Yai,https://www.airlinequality.com/airport-reviews/hat-yai-airport
Hatay,https://www.airlinequality.com/airport-reviews/hatay-airport
Havana,https://www.airlinequality.com/airport-reviews/havana-airport
Heho,https://www.airlinequality.com/airport-reviews/heho-airport
Helsinki Vantaa,https://www.airlinequality.com/airport-reviews/helsinki-vantaa-airport
Heraklion,https://www.airlinequality.com/airport-reviews/heraklion-airport
Hermosillo,https://www.airlinequality.com/airport-reviews/hermosillo-airport
Hewanorra Intl,https://www.airlinequality.com/airport-reviews/hewanorra-intl-airport
Hilo,https://www.airlinequality.com/airport-reviews/hilo-airport
Hiroshima,https://www.airlinequality.com/airport-reviews/hiroshima-airport
Ho Chi Minh City,https://www.airlinequality.com/airport-reviews/ho-chi-minh-city-airport
Hobart,https://www.airlinequality.com/airport-reviews/hobart-airport
Holguin,https://www.airlinequality.com/airport-reviews/holguin-airport
Hong Kong,https://www.airlinequality.com/airport-reviews/hong-kong-airport
Honiara,https://www.airlinequality.com/airport-reviews/honiara-airport
Honolulu,https://www.airlinequality.com/airport-reviews/honolulu-airport
Horn Island,https://www.airlinequality.com/airport-reviews/horn-island-airport
Houston Hobby,https://www.airlinequality.com/airport-reviews/houston-hobby-airport
Houston IAH,https://www.airlinequality.com/airport-reviews/houston-george-bush-intercontinental-airport
Hua Hin,https://www.airlinequality.com/airport-reviews/hua-hin-airport
Humberside,https://www.airlinequality.com/airport-reviews/humberside-airport
Huntsville,https://www.airlinequality.com/airport-reviews/huntsville-review-airport
Hurghada,https://www.airlinequality.com/airport-reviews/hurghada-airport
Hyderabad,https://www.airlinequality.com/airport-reviews/hyderabad-airport
Iasi,https://www.airlinequality.com/airport-reviews/iasi-airport
Ibiza,https://www.airlinequality.com/airport-reviews/ibiza-airport
Idaho Falls Regional,https://www.airlinequality.com/airport-reviews/idaho-falls-regional-airport
Iloilo,https://www.airlinequality.com/airport-reviews/iloilo-airport
Incheon,https://www.airlinequality.com/airport-reviews/incheon-airport
Indianapolis,https://www.airlinequality.com/airport-reviews/indianapolis-airport
Innsbruck,https://www.airlinequality.com/airport-reviews/innsbruck-airport
Inverness,https://www.airlinequality.com/airport-reviews/inverness-airport
Ireland West Knock,https://www.airlinequality.com/airport-reviews/ireland-west-knock-airport
Irkutsk,https://www.airlinequality.com/airport-reviews/irkutsk-airport
Islamabad,https://www.airlinequality.com/airport-reviews/islamabad-airport
Islay,https://www.airlinequality.com/airport-reviews/islay-airport
Isle Of Man,https://www.airlinequality.com/airport-reviews/isle-of-man-ronaldsway-airport
Istanbul,https://www.airlinequality.com/airport-reviews/istanbul-airport
Istanbul Sabiha Gökçen,https://www.airlinequality.com/airport-reviews/istanbul-sabiha-gokcen-airport
Ivalo,https://www.airlinequality.com/airport-reviews/ivalo-airport
Izmir,https://www.airlinequality.com/airport-reviews/izmir-airport
Jackson Hole,https://www.airlinequality.com/airport-reviews/jackson-hole-airport
Jacksonville,https://www.airlinequality.com/airport-reviews/jacksonville-airport
Jaipur,https://www.airlinequality.com/airport-reviews/jaipur-airport
Jakarta,https://www.airlinequality.com/airport-reviews/jakarta-airport
Jakarta Halim,https://www.airlinequality.com/airport-reviews/jakarta-halim-airport
Jammu,https://www.airlinequality.com/airport-reviews/jammu-airport
Janakpur,https://www.airlinequality.com/airport-reviews/janakpur-airport
Jeddah,https://www.airlinequality.com/airport-reviews/jeddah-airport
Jerez De La Frontera,https://www.airlinequality.com/airport-reviews/jerez-de-la-frontera-airport
Jersey,https://www.airlinequality.com/airport-reviews/jersey-airport
Jharsuguda,https://www.airlinequality.com/airport-reviews/jharsuguda-airport
Jiamusi,https://www.airlinequality.com/airport-reviews/jiamusi-airport
Jinan Yaoqiang,https://www.airlinequality.com/airport-reviews/jinan-yaoqiang-airport
Jinzhou,https://www.airlinequality.com/airport-reviews/jinzhou-airport
Johannesburg,https://www.airlinequality.com/airport-reviews/johannesburg-or-tambo-airport
John Wayne,https://www.airlinequality.com/airport-reviews/john-wayne-airport
Juba,https://www.airlinequality.com/airport-reviews/juba-airport
Juliaca,https://www.airlinequality.com/airport-reviews/juliaca-airport
Kabul,https://www.airlinequality.com/airport-reviews/kabul-airport
Kahului Maui,https://www.airlinequality.com/airport-reviews/kahului-maui-airport
Kalamata,https://www.airlinequality.com/airport-reviews/kalamata-airport
Kalibo,https://www.airlinequality.com/airport-reviews/kalibo-international-airport
Kalibo,https://www.airlinequality.com/airport-reviews/kalibo-airport
Kaliningrad,https://www.airlinequality.com/airport-reviews/kaliningrad-airport
Kalmar,https://www.airlinequality.com/airport-reviews/kalmar-airport
Kangerlussuaq,https://www.airlinequality.com/airport-reviews/kangerlussuaq-airport
Kanpur,https://www.airlinequality.com/airport-reviews/kanpur-airport
Kansai International,https://www.airlinequality.com/airport-reviews/kansai-airport
Kansas City,https://www.airlinequality.com/airport-reviews/kansas-city-airport
Kaohsiung,https://www.airlinequality.com/airport-reviews/kaohsiung-airport
Karachi,https://www.airlinequality.com/airport-reviews/karachi-airport
Karlsruhe,https://www.airlinequality.com/airport-reviews/karlsruhe-airport
Kasane,https://www.airlinequality.com/airport-reviews/kasane-airport
Kashgar,https://www.airlinequality.com/airport-reviews/kashgar-airport
Kastellorizo,https://www.airlinequality.com/airport-reviews/kastellorizo-airport
Kathmandu,https://www.airlinequality.com/airport-reviews/kathmandu-airport
Katowice,https://www.airlinequality.com/airport-reviews/katowice-airport
Kaunas,https://www.airlinequality.com/airport-reviews/kaunas-airport
Kayseri Erkilet,https://www.airlinequality.com/airport-reviews/kayseri-erkilet-airport
Kazan,https://www.airlinequality.com/airport-reviews/kazan-airport
Kefalonia,https://www.airlinequality.com/airport-reviews/kefalonia-airport
Keflavik,https://www.airlinequality.com/airport-reviews/keflavik-airport
Kent,https://www.airlinequality.com/airport-reviews/kent-airport
Kerry,https://www.airlinequality.com/airport-reviews/kerry-airport
Key West Intl,https://www.airlinequality.com/airport-reviews/key-west-intl-airport
Khartoum,https://www.airlinequality.com/airport-reviews/khartoum-airport
Kiev Borispol,https://www.airlinequality.com/airport-reviews/kiev-borispol-airport
Kiev Zhulyany,https://www.airlinequality.com/airport-reviews/kiev-zhulyany-airport
Kigali,https://www.airlinequality.com/airport-reviews/kigali-airport
Kilimanjaro,https://www.airlinequality.com/airport-reviews/kilimanjaro-airport
King Mswati III Intl,https://www.airlinequality.com/airport-reviews/king-mswati-iii-intl-airport
Kingston,https://www.airlinequality.com/airport-reviews/kingston-airport
Kinshasa,https://www.airlinequality.com/airport-reviews/kinshasa-airport
Kirkenes,https://www.airlinequality.com/airport-reviews/kirkenes-airport
Kirksville Municipal,https://www.airlinequality.com/airport-reviews/kirksville-municipal-airport
Kirkwall,https://www.airlinequality.com/airport-reviews/kirkwall-airport
Kiruna,https://www.airlinequality.com/airport-reviews/kiruna-airport
Kittila,https://www.airlinequality.com/airport-reviews/kittila-airport
Klagenfurt,https://www.airlinequality.com/airport-reviews/klagenfurt-airport
KLIA Kuala Lumpur,https://www.airlinequality.com/airport-reviews/klia-kuala-lumpur-airport
Koh Samui,https://www.airlinequality.com/airport-reviews/koh-samui-airport
Kolkata,https://www.airlinequality.com/airport-reviews/kolkata-airport
Komatsu,https://www.airlinequality.com/airport-reviews/komatsu-airport
Kona,https://www.airlinequality.com/airport-reviews/kona-airport
Kos,https://www.airlinequality.com/airport-reviews/kos-airport
Kosice,https://www.airlinequality.com/airport-reviews/kosice-airport
Kota Kinabalu,https://www.airlinequality.com/airport-reviews/kota-kinabalu-airport
Krabi,https://www.airlinequality.com/airport-reviews/krabi-airport
Krakow,https://www.airlinequality.com/airport-reviews/krakow-airport
Krasnodar,https://www.airlinequality.com/airport-reviews/krasnodar-airport
Kristiansand,https://www.airlinequality.com/airport-reviews/kristiansand-airport
Kualanamu,https://www.airlinequality.com/airport-reviews/kualanamu-airport
Kuantan,https://www.airlinequality.com/airport-reviews/kuantan-airport
Kuching,https://www.airlinequality.com/airport-reviews/kuching-airport
Kunming,https://www.airlinequality.com/airport-reviews/kunming-airport
Kutaisi International,https://www.airlinequality.com/airport-reviews/kutaisi-international-airport
Kuwait,https://www.airlinequality.com/airport-reviews/kuwait-airport
La Guardia,https://www.airlinequality.com/airport-reviews/la-guardia-airport
La Palma,https://www.airlinequality.com/airport-reviews/la-palma-airport
La Rochelle,https://www.airlinequality.com/airport-reviews/la-rochelle-ile-de-re-airport
Lagos,https://www.airlinequality.com/airport-reviews/lagos-airport
Lahore,https://www.airlinequality.com/airport-reviews/lahore-airport
Lamu,https://www.airlinequality.com/airport-reviews/lamu-airport
Langkawi,https://www.airlinequality.com/airport-reviews/langkawi-airport
Lanseria,https://www.airlinequality.com/airport-reviews/lanseria-airport
Lanzarote Arrecife,https://www.airlinequality.com/airport-reviews/lanzarote-arrecife-airport
Lanzhou,https://www.airlinequality.com/airport-reviews/lanzhou-zhongchuan
Laoag,https://www.airlinequality.com/airport-reviews/laoag-airport
Larnaca,https://www.airlinequality.com/airport-reviews/larnaca-airport
Las Vegas,https://www.airlinequality.com/airport-reviews/las-vegas-airport
Launceston,https://www.airlinequality.com/airport-reviews/launceston-airport
Leeds Bradford,https://www.airlinequality.com/airport-reviews/leeds-bradford-airport
Leh,https://www.airlinequality.com/airport-reviews/leh-airport
Leipzig/halle,https://www.airlinequality.com/airport-reviews/leipzighalle-airport
Leon Guanajuato,https://www.airlinequality.com/airport-reviews/leon-guanajuato-airport
Leticia,https://www.airlinequality.com/airport-reviews/leticia-airport
Lexington,https://www.airlinequality.com/airport-reviews/lexington-airport
Liberia,https://www.airlinequality.com/airport-reviews/liberia-airport
Libreville,https://www.airlinequality.com/airport-reviews/libreville-airport
Liege,https://www.airlinequality.com/airport-reviews/liege-airport
Lille,https://www.airlinequality.com/airport-reviews/lille-airport
Lilongwe,https://www.airlinequality.com/airport-reviews/lilongwe-airport
Lima,https://www.airlinequality.com/airport-reviews/lima-airport
Limoges,https://www.airlinequality.com/airport-reviews/limoges-airport
Linz,https://www.airlinequality.com/airport-reviews/linz-airport
Lisbon,https://www.airlinequality.com/airport-reviews/lisbon-airport
Lismore,https://www.airlinequality.com/airport-reviews/lismore-airport
Little Rock,https://www.airlinequality.com/airport-reviews/little-rock-airport
Liverpool,https://www.airlinequality.com/airport-reviews/liverpool-airport
Livingstone,https://www.airlinequality.com/airport-reviews/livingstone-airport
Ljubljana,https://www.airlinequality.com/airport-reviews/ljubljana-airport
London City,https://www.airlinequality.com/airport-reviews/london-city-airport
London Gatwick,https://www.airlinequality.com/airport-reviews/london-gatwick-airport
London Heathrow,https://www.airlinequality.com/airport-reviews/london-heathrow-airport
London Stansted,https://www.airlinequality.com/airport-reviews/london-stansted-airport
Long Beach,https://www.airlinequality.com/airport-reviews/long-beach-airport
Long Island Macarthur,https://www.airlinequality.com/airport-reviews/long-island-macarthur-airport
Los Angeles LAX,https://www.airlinequality.com/airport-reviews/los-angeles-lax-airport
Louisville,https://www.airlinequality.com/airport-reviews/louisville-international-airport
Luanda,https://www.airlinequality.com/airport-reviews/luanda-airport
Luang Prabang,https://www.airlinequality.com/airport-reviews/luang-prabang-airport
Lucknow,https://www.airlinequality.com/airport-reviews/lucknow-airport
Lugano,https://www.airlinequality.com/airport-reviews/lugano-airport
Luleå,https://www.airlinequality.com/airport-reviews/lulea-airport
Lusaka,https://www.airlinequality.com/airport-reviews/lusaka-airport
Luton,https://www.airlinequality.com/airport-reviews/luton-airport
Luxembourg,https://www.airlinequality.com/airport-reviews/luxembourg-airport
Luxor,https://www.airlinequality.com/airport-reviews/luxor-airport
Lviv,https://www.airlinequality.com/airport-reviews/lviv-airport
Lyon,https://www.airlinequality.com/airport-reviews/lyon-saint-exupery-airport
Fort-de-France,https://www.airlinequality.com/airport-reviews/martinique-aime-cesaire-intl-airport
Maastricht Aachen,https://www.airlinequality.com/airport-reviews/maastricht-aachen-airport
Macau,https://www.airlinequality.com/airport-reviews/macau-airport
Mackay,https://www.airlinequality.com/airport-reviews/mackay-airport
Madrid Barajas,https://www.airlinequality.com/airport-reviews/madrid-barajas-airport
Madurai,https://www.airlinequality.com/airport-reviews/madurai-airport
Magong,https://www.airlinequality.com/airport-reviews/magong-airport
Mahon,https://www.airlinequality.com/airport-reviews/mahon-airport
Malabo,https://www.airlinequality.com/airport-reviews/malabo-airport
Malaga,https://www.airlinequality.com/airport-reviews/malaga-airport
Male,https://www.airlinequality.com/airport-reviews/male-airport
Mallam Aminu Kano Intl,https://www.airlinequality.com/airport-reviews/mallam-aminu-kano-intl-airport
Malmo,https://www.airlinequality.com/airport-reviews/malmo-airport
Malta,https://www.airlinequality.com/airport-reviews/malta-airport
Manado,https://www.airlinequality.com/airport-reviews/manado-airport
Managua,https://www.airlinequality.com/airport-reviews/managua-airport
Manaus,https://www.airlinequality.com/airport-reviews/manaus-airport
Manchester,https://www.airlinequality.com/airport-reviews/manchester-airport
Manchester–Boston Regional,https://www.airlinequality.com/airport-reviews/manchester-boston-regional-airport
Mandalay Annisaton,https://www.airlinequality.com/airport-reviews/mandalay-annisaton-airport
Mangalore,https://www.airlinequality.com/airport-reviews/mangalore-airport
Manila,https://www.airlinequality.com/airport-reviews/manila-ninoy-aquino-airport
Manuel Crescencio Rejon,https://www.airlinequality.com/airport-reviews/manuel-crescencio-rejon-airport
Maputo,https://www.airlinequality.com/airport-reviews/maputo-airport
Maracaibo La Chinita,https://www.airlinequality.com/airport-reviews/maracaibo-la-chinita-airport
Marrakech,https://www.airlinequality.com/airport-reviews/marrakech-airport
Marsa Alam,https://www.airlinequality.com/airport-reviews/marsa-alam-airport
Marseille,https://www.airlinequality.com/airport-reviews/marseille-airport
Mashhad,https://www.airlinequality.com/airport-reviews/mashhad-airport
Mataveri Intl,https://www.airlinequality.com/airport-reviews/mataveri-intl-airport
Maun,https://www.airlinequality.com/airport-reviews/maun-airport
Mauritius,https://www.airlinequality.com/airport-reviews/mauritius-airport
Medan,https://www.airlinequality.com/airport-reviews/medan-airport
Medellin,https://www.airlinequality.com/airport-reviews/medellin-airport
Medina,https://www.airlinequality.com/airport-reviews/medina-airport
Melbourne (USA),https://www.airlinequality.com/airport-reviews/melbourne-usa-airport
Melbourne,https://www.airlinequality.com/airport-reviews/melbourne-airport
Melbourne Avalon,https://www.airlinequality.com/airport-reviews/melbourne-avalon-airport
Melilla,https://www.airlinequality.com/airport-reviews/melilla-airport
Memmingen,https://www.airlinequality.com/airport-reviews/memmingen-airport
Memphis,https://www.airlinequality.com/airport-reviews/memphis-airport
Mexico City,https://www.airlinequality.com/airport-reviews/mexico-city-airport
Miami,https://www.airlinequality.com/airport-reviews/miami-airport
Milan Bergamo,https://www.airlinequality.com/airport-reviews/milan-bergamo-airport
Milan Linate,https://www.airlinequality.com/airport-reviews/milan-linate-airport
Milan Malpensa,https://www.airlinequality.com/airport-reviews/milan-malpensa-airport
Mildura,https://www.airlinequality.com/airport-reviews/mildura-airport
Milwaukee,https://www.airlinequality.com/airport-reviews/milwaukee-airport
Mineralnye Vody,https://www.airlinequality.com/airport-reviews/mineralnye-vody-airport
Minneapolis St Paul,https://www.airlinequality.com/airport-reviews/minneapolis-st-paul-airport
Minsk National,https://www.airlinequality.com/airport-reviews/minsk-national-airport
Miri,https://www.airlinequality.com/airport-reviews/miri-airport
Mobile Regional,https://www.airlinequality.com/airport-reviews/mobile-regional-airport
Mombasa,https://www.airlinequality.com/airport-reviews/mombasa-airport
Monastir,https://www.airlinequality.com/airport-reviews/monastir-airport
Monroe Regional,https://www.airlinequality.com/airport-reviews/monroe-regional-airport
Montego Bay,https://www.airlinequality.com/airport-reviews/montego-bay-airport
Monterey Regional,https://www.airlinequality.com/airport-reviews/monterey-regional-airport
Monterrey,https://www.airlinequality.com/airport-reviews/monterrey-airport
Montevideo,https://www.airlinequality.com/airport-reviews/montevideo-airport
Montgomery Regional,https://www.airlinequality.com/airport-reviews/montgomery-regional-airport
Montpellier,https://www.airlinequality.com/airport-reviews/montpellier-airport
Montréal,https://www.airlinequality.com/airport-reviews/montreal-trudeau-airport
Moscow Domodedovo,https://www.airlinequality.com/airport-reviews/moscow-domodedovo-airport
Moscow Sheremetyevo,https://www.airlinequality.com/airport-reviews/moscow-sheremetyevo-airport
Muenster-osnabrueck,https://www.airlinequality.com/airport-reviews/muenster-osnabrueck-airport
Mumbai,https://www.airlinequality.com/airport-reviews/mumbai-airport
Munich,https://www.airlinequality.com/airport-reviews/munich-airport
Murcia San Javier,https://www.airlinequality.com/airport-reviews/murcia-san-javier-airport
Muscat Seeb,https://www.airlinequality.com/airport-reviews/muscat-seeb-airport
Muscle Shoals,https://www.airlinequality.com/airport-reviews/muscle-shoals-airport
Mykonos,https://www.airlinequality.com/airport-reviews/mykonos-airport
Myrtle Beach,https://www.airlinequality.com/airport-reviews/myrtle-beach-airport
Mytilene,https://www.airlinequality.com/airport-reviews/mytilene-airport
Nadi,https://www.airlinequality.com/airport-reviews/nadi-airport
Nagpur,https://www.airlinequality.com/airport-reviews/nagpur
Nairobi,https://www.airlinequality.com/airport-reviews/nairobi-airport
Nakhchivan,https://www.airlinequality.com/airport-reviews/nakhchivan-airport
Nakhon Si Thammarat,https://www.airlinequality.com/airport-reviews/nakhon-si-thammarat-airport
Nanchang Changbei,https://www.airlinequality.com/airport-reviews/nanchang-changbei-airport
Nanning Wuxu,https://www.airlinequality.com/airport-reviews/nanning-wuxu-airport
Nantes,https://www.airlinequality.com/airport-reviews/nantes-airport
Naples,https://www.airlinequality.com/airport-reviews/naples-airport
Naples Municipal,https://www.airlinequality.com/airport-reviews/naples-municipal-airport
Narrandeera-leeton,https://www.airlinequality.com/airport-reviews/narrandeera-leeton-airport
Nashville,https://www.airlinequality.com/airport-reviews/nashville-airport
Nassau,https://www.airlinequality.com/airport-reviews/nassau-airport
Nauru International,https://www.airlinequality.com/airport-reviews/nauru-international-airport
Ndola,https://www.airlinequality.com/airport-reviews/ndola-airport
Nevsehir Kapadokya,https://www.airlinequality.com/airport-reviews/nevsehir-kapadokya-airport
New Orleans,https://www.airlinequality.com/airport-reviews/new-orleans-airport
New York JFK,https://www.airlinequality.com/airport-reviews/new-york-jfk-airport
Newark,https://www.airlinequality.com/airport-reviews/newark-airport
Newcastle,https://www.airlinequality.com/airport-reviews/newcastle-airport
Newquay,https://www.airlinequality.com/airport-reviews/newquay-airport
Nice,https://www.airlinequality.com/airport-reviews/nice-cote-dazur-airport
Nimes,https://www.airlinequality.com/airport-reviews/nimes-airport
Ningbo Lishe,https://www.airlinequality.com/airport-reviews/ningbo-lishe-airport
Nis Constantine the Great,https://www.airlinequality.com/airport-reviews/nis-constantine-the-great-airport
Norfolk,https://www.airlinequality.com/airport-reviews/norfolk-airport
Norman Manley,https://www.airlinequality.com/airport-reviews/norman-manley-airport
Norrköping,https://www.airlinequality.com/airport-reviews/norrkoping-airport
Norwich,https://www.airlinequality.com/airport-reviews/norwich-airport
Noumea,https://www.airlinequality.com/airport-reviews/noumea-airport
Novosibirsk,https://www.airlinequality.com/airport-reviews/novosibirsk-airport
Nuremburg,https://www.airlinequality.com/airport-reviews/nuremburg-airport
Nyaung U,https://www.airlinequality.com/airport-reviews/nyaung-u-airport
Oakland,https://www.airlinequality.com/airport-reviews/oakland-airport
Odessa,https://www.airlinequality.com/airport-reviews/odessa-airport
Ohrid,https://www.airlinequality.com/airport-reviews/ohrid-airport
Okinawa Naha,https://www.airlinequality.com/airport-reviews/okinawa-naha-airport
Oklahoma City,https://www.airlinequality.com/airport-reviews/oklahoma-city-airport
Olbia Costa Smeralda,https://www.airlinequality.com/airport-reviews/olbia-costa-smeralda-airport
Omaha,https://www.airlinequality.com/airport-reviews/omaha-airport
Omsk Tsentralny,https://www.airlinequality.com/airport-reviews/omsk-tsentralny
Ontario,https://www.airlinequality.com/airport-reviews/ontario-airport
Orlando,https://www.airlinequality.com/airport-reviews/orlando-airport
Orlando Sanford,https://www.airlinequality.com/airport-reviews/orlando-sanford-airport
Oslo,https://www.airlinequality.com/airport-reviews/oslo-airport
Ostend–Bruges,https://www.airlinequality.com/airport-reviews/ostend-bruges-airport
Ostrava,https://www.airlinequality.com/airport-reviews/ostrava-airport
Ottawa,https://www.airlinequality.com/airport-reviews/ottawa-airport
Ouagadougou,https://www.airlinequality.com/airport-reviews/ouagadougou-airport
Ouani,https://www.airlinequality.com/airport-reviews/ouani-airport
Oulu,https://www.airlinequality.com/airport-reviews/oulu-airport
Outagamie County,https://www.airlinequality.com/airport-reviews/outagamie-county-airport
Owen Roberts International,https://www.airlinequality.com/airport-reviews/owen-roberts-international-airport
Paderborn,https://www.airlinequality.com/airport-reviews/paderborn-airport
Painushima Ishigaki,https://www.airlinequality.com/airport-reviews/painushima-ishigaki-airport
Pakse,https://www.airlinequality.com/airport-reviews/pakse-airport
Palau International,https://www.airlinequality.com/airport-reviews/palau-international-airport
Palembang,https://www.airlinequality.com/airport-reviews/palembang-airport
Palermo,https://www.airlinequality.com/airport-reviews/palermo-airport
Palm Beach,https://www.airlinequality.com/airport-reviews/palm-beach-airport
Palm Springs,https://www.airlinequality.com/airport-reviews/palm-springs-airport
Palma de Majorca,https://www.airlinequality.com/airport-reviews/palma-airport
Palonegro Intl,https://www.airlinequality.com/airport-reviews/palonegro-intl-airport
Panama Albrook,https://www.airlinequality.com/airport-reviews/panama-albrook-airport
Panama Tocumen,https://www.airlinequality.com/airport-reviews/panama-tocumen-airport
Papeete,https://www.airlinequality.com/airport-reviews/papeete-airport
Paphos,https://www.airlinequality.com/airport-reviews/paphos-airport
Paramaribo,https://www.airlinequality.com/airport-reviews/paramaribo-airport
Paris CDG,https://www.airlinequality.com/airport-reviews/paris-cdg-airport
Paris Orly,https://www.airlinequality.com/airport-reviews/paris-orly-airport
Paro,https://www.airlinequality.com/airport-reviews/paro-airport
Paros,https://www.airlinequality.com/airport-reviews/paros-airport
Patna,https://www.airlinequality.com/airport-reviews/patna-airport
Pattaya,https://www.airlinequality.com/airport-reviews/pattaya-airport
Pau,https://www.airlinequality.com/airport-reviews/pau-airport
Penang,https://www.airlinequality.com/airport-reviews/penang-airport
Pensacola,https://www.airlinequality.com/airport-reviews/pensacola-airport
Pereira Matecana Intl,https://www.airlinequality.com/airport-reviews/pereira-matecana-intl-airport
Perpignan,https://www.airlinequality.com/airport-reviews/perpignan-airport
Perth,https://www.airlinequality.com/airport-reviews/perth-airport
Philadelphia,https://www.airlinequality.com/airport-reviews/philadelphia-airport
Phnom Penh,https://www.airlinequality.com/airport-reviews/phnom-penh-airport
Phoenix Sky Harbor,https://www.airlinequality.com/airport-reviews/phoenix-airport
Phoenix-Mesa Gateway,https://www.airlinequality.com/airport-reviews/phoenix-mesa-gateway-airport
Phu Quoc,https://www.airlinequality.com/airport-reviews/phu-quoc-airport
Phuket,https://www.airlinequality.com/airport-reviews/phuket-airport
Piarco,https://www.airlinequality.com/airport-reviews/piarco-airport
Piedmont Triad,https://www.airlinequality.com/airport-reviews/piedmont-triad-airport
Pisa,https://www.airlinequality.com/airport-reviews/pisa-airport
Pittsburgh,https://www.airlinequality.com/airport-reviews/pittsburgh-airport
Pleiku,https://www.airlinequality.com/airport-reviews/pleiku-airport
Plovdiv,https://www.airlinequality.com/airport-reviews/plovdiv-airport
Plymouth,https://www.airlinequality.com/airport-reviews/plymouth-airport
Podgorica,https://www.airlinequality.com/airport-reviews/podgorica-airport
Pointe Noire,https://www.airlinequality.com/airport-reviews/pointe-noire-airport
Pointe-à-Pitre,https://www.airlinequality.com/airport-reviews/pointe-a-pitre-airport
Poitiers,https://www.airlinequality.com/airport-reviews/poitiers-airport
Ponta Delgada,https://www.airlinequality.com/airport-reviews/ponta-delgada-airport
Port Au Prince,https://www.airlinequality.com/airport-reviews/port-au-prince-airport
Port Augusta,https://www.airlinequality.com/airport-reviews/port-augusta-airport
Port Elizabeth,https://www.airlinequality.com/airport-reviews/port-elizabeth-airport
Port Harcourt,https://www.airlinequality.com/airport-reviews/port-harcourt-airport
Port Macquarie,https://www.airlinequality.com/airport-reviews/port-macquarie-airport
Port Moresby,https://www.airlinequality.com/airport-reviews/port-moresby-airport
Port Vila Bauerfield,https://www.airlinequality.com/airport-reviews/port-vila-bauerfield-airport
Portland,https://www.airlinequality.com/airport-reviews/portland-airport
Portland International Jetport,https://www.airlinequality.com/airport-reviews/portland-international-jetport
Porto,https://www.airlinequality.com/airport-reviews/porto-airport
Porto Alegre,https://www.airlinequality.com/airport-reviews/porto-alegre-airport
Poznan,https://www.airlinequality.com/airport-reviews/poznan-airport
Prague,https://www.airlinequality.com/airport-reviews/prague-airport
Preveza,https://www.airlinequality.com/airport-reviews/preveza-airport
Prince Rupert,https://www.airlinequality.com/airport-reviews/prince-rupert-airport
Princess Juliana Intl,https://www.airlinequality.com/airport-reviews/princess-juliana-intl-airport
Pristina,https://www.airlinequality.com/airport-reviews/pristina-airport
Providence,https://www.airlinequality.com/airport-reviews/providence-airport
Providenciales Intl,https://www.airlinequality.com/airport-reviews/providenciales-intl-airport
Puerto Iguazu,https://www.airlinequality.com/airport-reviews/puerto-iguazu-airport
Puerto Maldonado,https://www.airlinequality.com/airport-reviews/puerto-maldonado-airport
Puerto Princesa,https://www.airlinequality.com/airport-reviews/puerto-princesa-airport
Puerto Vallarta,https://www.airlinequality.com/airport-reviews/puerto-vallarta-airport
Pula,https://www.airlinequality.com/airport-reviews/pula-airport
Pulau Redang,https://www.airlinequality.com/airport-reviews/pulau-redang-airport
Pulau Tioman,https://www.airlinequality.com/airport-reviews/pulau-tioman-airport
Pune,https://www.airlinequality.com/airport-reviews/pune-airport
Punta Cana,https://www.airlinequality.com/airport-reviews/punta-cana-airport
Punta Del Este,https://www.airlinequality.com/airport-reviews/punta-del-este-airport
Punta Gorda,https://www.airlinequality.com/airport-reviews/punta-gorda-airport
Qingdao,https://www.airlinequality.com/airport-reviews/qingdao-airport
Quebec City,https://www.airlinequality.com/airport-reviews/quebec-city-airport
Queenstown,https://www.airlinequality.com/airport-reviews/queenstown-airport
Quito Mariscal,https://www.airlinequality.com/airport-reviews/quito-mariscal-airport
Raipur,https://www.airlinequality.com/airport-reviews/raipur-airport
Rajbiraj,https://www.airlinequality.com/airport-reviews/rajbiraj-airport
Raleigh-Durham,https://www.airlinequality.com/airport-reviews/raleigh-durham-airport
Rapid City Regional,https://www.airlinequality.com/airport-reviews/rapid-city-regional-airport
Raratonga,https://www.airlinequality.com/airport-reviews/raratonga-airport
Recife,https://www.airlinequality.com/airport-reviews/recife-airport
Redding Municipal,https://www.airlinequality.com/airport-reviews/redding-municipal-airport
Regina,https://www.airlinequality.com/airport-reviews/regina-airport
Rennes,https://www.airlinequality.com/airport-reviews/rennes-airport
Reno-tahoe,https://www.airlinequality.com/airport-reviews/reno-tahoe-airport
Rhodes,https://www.airlinequality.com/airport-reviews/rhodes-airport
Richmond,https://www.airlinequality.com/airport-reviews/richmond-airport
Riga,https://www.airlinequality.com/airport-reviews/riga-airport
Rijeka,https://www.airlinequality.com/airport-reviews/rijeka-airport
Rimini,https://www.airlinequality.com/airport-reviews/rimini-airport
Rio De Janeiro,https://www.airlinequality.com/airport-reviews/rio-de-janeiro-airport
Río Grande,https://www.airlinequality.com/airport-reviews/rio-grande-airport
Riyadh,https://www.airlinequality.com/airport-reviews/riyadh-airport
Roanoke Regional,https://www.airlinequality.com/airport-reviews/roanoke-regional-airport
Robert L Bradshaw St Kitts,https://www.airlinequality.com/airport-reviews/robert-l-bradshaw-st-kitts-airport
Rockhampton,https://www.airlinequality.com/airport-reviews/rockhampton-airport
Rodez,https://www.airlinequality.com/airport-reviews/rodez-airport
Rogue Valley Medford,https://www.airlinequality.com/airport-reviews/rogue-valley-medford-airport
Roi Et,https://www.airlinequality.com/airport-reviews/roi-et-airport
Roland Garros,https://www.airlinequality.com/airport-reviews/roland-garros-airport
Rome Ciampino,https://www.airlinequality.com/airport-reviews/rome-ciampino-airport
Rome Fiumicino,https://www.airlinequality.com/airport-reviews/rome-fiumicino-airport
Rostov Na Donu,https://www.airlinequality.com/airport-reviews/rostov-na-donu-airport
Rotterdam,https://www.airlinequality.com/airport-reviews/rotterdam-airport
Rovaniemi,https://www.airlinequality.com/airport-reviews/rovaniemi-airport
Rzeszów-Jasionka,https://www.airlinequality.com/airport-reviews/rzeszow-jasionka-airport
Sacramento,https://www.airlinequality.com/airport-reviews/sacramento-airport
Saint John,https://www.airlinequality.com/airport-reviews/saint-john-airport
Sal,https://www.airlinequality.com/airport-reviews/sal-airport
Salalah,https://www.airlinequality.com/airport-reviews/salalah-airport
Salt Lake City,https://www.airlinequality.com/airport-reviews/salt-lake-city-airport
Salvador,https://www.airlinequality.com/airport-reviews/salvador-airport
Salzburg,https://www.airlinequality.com/airport-reviews/salzburg-airport
San Andres Island,https://www.airlinequality.com/airport-reviews/san-andres-island
San Antonio,https://www.airlinequality.com/airport-reviews/san-antonio-airport
San Diego,https://www.airlinequality.com/airport-reviews/san-diego-airport
San Francisco,https://www.airlinequality.com/airport-reviews/san-francisco-airport
San Jose,https://www.airlinequality.com/airport-reviews/san-jose-airport
San Jose Intl,https://www.airlinequality.com/airport-reviews/san-jose-intl-airport
San Juan,https://www.airlinequality.com/airport-reviews/san-juan-airport
San Luis Potosi,https://www.airlinequality.com/airport-reviews/san-luis-potosi-airport
San Sebastian,https://www.airlinequality.com/airport-reviews/san-sebastian-airport
Sana'a In't,https://www.airlinequality.com/airport-reviews/sanaa-int-airport
Sandakan,https://www.airlinequality.com/airport-reviews/sandakan-airport
Santander,https://www.airlinequality.com/airport-reviews/santander-airport
Santiago De Chile,https://www.airlinequality.com/airport-reviews/santiago-de-chile-airport
Santiago de Compostela,https://www.airlinequality.com/airport-reviews/santiago-de-compostela
Santiago de Cuba,https://www.airlinequality.com/airport-reviews/santiago-de-cuba-airport
Santo Domingo,https://www.airlinequality.com/airport-reviews/santo-domingo-airport
Santorini,https://www.airlinequality.com/airport-reviews/santorini-airport
Sanya,https://www.airlinequality.com/airport-reviews/sanya-airport
Sao Paulo Congonhas,https://www.airlinequality.com/airport-reviews/sao-paulo-congonhas-airport
Sao Paulo Guarulhos,https://www.airlinequality.com/airport-reviews/sao-paulo-guarulhos-airport
São Paulo Viracopos,https://www.airlinequality.com/airport-reviews/sao-paulo-viracopos
Sao Vicente,https://www.airlinequality.com/airport-reviews/sao-vicente-airport
Sapporo Chitose,https://www.airlinequality.com/airport-reviews/sapporo-chitose-airport
Sarajevo,https://www.airlinequality.com/airport-reviews/sarajevo-airport
Saskatoon,https://www.airlinequality.com/airport-reviews/saskatoon-airport
Savannah,https://www.airlinequality.com/airport-reviews/savannah-airport
Sawyer,https://www.airlinequality.com/airport-reviews/sawyer-airport
Sde Dov,https://www.airlinequality.com/airport-reviews/sde-dov-airport
Seattle,https://www.airlinequality.com/airport-reviews/seattle-airport
Senai,https://www.airlinequality.com/airport-reviews/senai-airport
Seoul Gimpo,https://www.airlinequality.com/airport-reviews/seoul-gimpo-airport
Seoul Incheon,https://www.airlinequality.com/airport-reviews/seoul-incheon-airport
Seville,https://www.airlinequality.com/airport-reviews/seville-airport
Seychelles,https://www.airlinequality.com/airport-reviews/seychelles-airport
Shanghai Hongqiao,https://www.airlinequality.com/airport-reviews/shanghai-hongqiao-airport
Shanghai Pudong,https://www.airlinequality.com/airport-reviews/shanghai-pudong-airport
Shannon,https://www.airlinequality.com/airport-reviews/shannon-airport
Sharjah,https://www.airlinequality.com/airport-reviews/sharjah-airport
Sharm El Sheikh,https://www.airlinequality.com/airport-reviews/sharm-el-sheikh-airport
Shenyang,https://www.airlinequality.com/airport-reviews/shenyang-airport
Shenzhen Baoan,https://www.airlinequality.com/airport-reviews/shenzhen-baoan-airport
Shirdi,https://www.airlinequality.com/airport-reviews/shirdi-airport
Shreveport,https://www.airlinequality.com/airport-reviews/shreveport-airport
Sialkot International,https://www.airlinequality.com/airport-reviews/sialkot-international-airport
Sibiu,https://www.airlinequality.com/airport-reviews/sibiu-airport
Siem Reap,https://www.airlinequality.com/airport-reviews/siem-reap-airport
Simara,https://www.airlinequality.com/airport-reviews/simara-airport
Simferopol,https://www.airlinequality.com/airport-reviews/simferopol-airport
Singapore Changi,https://www.airlinequality.com/airport-reviews/singapore-changi-airport
Singapore Seletar,https://www.airlinequality.com/airport-reviews/singapore-seletar-airport
Sioux Falls,https://www.airlinequality.com/airport-reviews/sioux-falls-regional-airport
Sitia,https://www.airlinequality.com/airport-reviews/sitia-airport
Skiathos,https://www.airlinequality.com/airport-reviews/skiathos-airport
Skopje,https://www.airlinequality.com/airport-reviews/skopje-airport
Sligo,https://www.airlinequality.com/airport-reviews/sligo-airport
Sofia,https://www.airlinequality.com/airport-reviews/sofia-airport
South Bend,https://www.airlinequality.com/airport-reviews/south-bend-airport
Southampton,https://www.airlinequality.com/airport-reviews/southampton-airport
Southend,https://www.airlinequality.com/airport-reviews/southend-airport
Split,https://www.airlinequality.com/airport-reviews/split-airport
Springfield-Branson,https://www.airlinequality.com/airport-reviews/springfield-branson-airport
Srinagar,https://www.airlinequality.com/airport-reviews/srinagar-airport
St Louis,https://www.airlinequality.com/airport-reviews/st-louis-airport
St Lucia,https://www.airlinequality.com/airport-reviews/st-lucia-airport
St Pete-Clearwater,https://www.airlinequality.com/airport-reviews/st-pete-clearwater-international-airport
St Petersburg,https://www.airlinequality.com/airport-reviews/st-petersburg-airport
St Thomas,https://www.airlinequality.com/airport-reviews/st-thomas-airport
St. John's,https://www.airlinequality.com/airport-reviews/st-johns-airport
Stavanger,https://www.airlinequality.com/airport-reviews/stavanger-airport
Stewart,https://www.airlinequality.com/airport-reviews/stewart-airport
Stockholm Arlanda,https://www.airlinequality.com/airport-reviews/stockholm-arlanda-airport
Stockholm Bromma,https://www.airlinequality.com/airport-reviews/stockholm-bromma-airport
Stockholm Vasteras,https://www.airlinequality.com/airport-reviews/stockholm-vasteras-airport
Stockholm-skavsta,https://www.airlinequality.com/airport-reviews/stockholm-skavsta-airport
Strasbourg,https://www.airlinequality.com/airport-reviews/strasbourg-airport
Stuttgart,https://www.airlinequality.com/airport-reviews/stuttgart-airport
Subang Kuala Lumpur,https://www.airlinequality.com/airport-reviews/subang-kuala-lumpur-airport
Sukhothai,https://www.airlinequality.com/airport-reviews/sukhothai-airport
Sumburgh,https://www.airlinequality.com/airport-reviews/sumburgh-airport
Sunan Pyongyang,https://www.airlinequality.com/airport-reviews/sunan-pyongyang-airport
Sunshine Coast,https://www.airlinequality.com/airport-reviews/sunshine-coast-airport
Surabaya Juanda,https://www.airlinequality.com/airport-reviews/surabaya-juanda-airport
Surat Thani,https://www.airlinequality.com/airport-reviews/surat-thani-airport
Suva Nausori,https://www.airlinequality.com/airport-reviews/suva-nausori-airport
Svalbard,https://www.airlinequality.com/airport-reviews/svalbard-airport
Sydney,https://www.airlinequality.com/airport-reviews/sydney-airport
Syracuse Hancock,https://www.airlinequality.com/airport-reviews/syracuse-hancock-airport
Szczecin,https://www.airlinequality.com/airport-reviews/szczecin-airport
Taba,https://www.airlinequality.com/airport-reviews/taba-airport
Tabriz,https://www.airlinequality.com/airport-reviews/tabriz-airport
Taipei,https://www.airlinequality.com/airport-reviews/taipei-taoyuan-airport
Taipei Songshan,https://www.airlinequality.com/airport-reviews/taipei-songshan
Tallahassee,https://www.airlinequality.com/airport-reviews/tallahassee-airport
Tallin,https://www.airlinequality.com/airport-reviews/tallin-airport
Tampa,https://www.airlinequality.com/airport-reviews/tampa-airport
Tampere Pirkkala,https://www.airlinequality.com/airport-reviews/tampere-pirkkala-airport
Tangier Ibn Battouta,https://www.airlinequality.com/airport-reviews/tangier-ibn-battouta-airport
Tashkent,https://www.airlinequality.com/airport-reviews/tashkent-airport
Taupo,https://www.airlinequality.com/airport-reviews/taupo-airport
Tbilisi,https://www.airlinequality.com/airport-reviews/tbilisi-airport
Tegucigalpa,https://www.airlinequality.com/airport-reviews/tegucigalpa-airport
Tehran Imam Khomeini,https://www.airlinequality.com/airport-reviews/tehran-imam-khomeini
Tehran Mehrabad,https://www.airlinequality.com/airport-reviews/tehran-mehrabad-airport
Tel Aviv,https://www.airlinequality.com/airport-reviews/tel-aviv-airport
Tenerife,https://www.airlinequality.com/airport-reviews/tenerife-airport
Terceira,https://www.airlinequality.com/airport-reviews/terceira-airport
Thandwe,https://www.airlinequality.com/airport-reviews/thandwe-airport
Thessaloniki,https://www.airlinequality.com/airport-reviews/thessaloniki-airport
Tianjin Binhai,https://www.airlinequality.com/airport-reviews/tianjin-binhai-airport
Tijuana,https://www.airlinequality.com/airport-reviews/tijuana-airport
Timimoun,https://www.airlinequality.com/airport-reviews/timimoun-airport
Timisoara,https://www.airlinequality.com/airport-reviews/timisoara-airport
Tirana,https://www.airlinequality.com/airport-reviews/tirana-airport
Tiruchirappalli,https://www.airlinequality.com/airport-reviews/tiruchirappalli-airport
Tivat,https://www.airlinequality.com/airport-reviews/tivat-airport
Tokyo Haneda,https://www.airlinequality.com/airport-reviews/tokyo-haneda-airport
Tokyo Narita,https://www.airlinequality.com/airport-reviews/tokyo-narita-airport
Toluca,https://www.airlinequality.com/airport-reviews/toluca-airport
Tontouta,https://www.airlinequality.com/airport-reviews/tontouta-airport
Toronto City Centre,https://www.airlinequality.com/airport-reviews/toronto-city-centre-airport
Toronto Pearson,https://www.airlinequality.com/airport-reviews/toronto-pearson-airport
Torp,https://www.airlinequality.com/airport-reviews/torp-airport
Toulon,https://www.airlinequality.com/airport-reviews/toulon-airport
Toulouse,https://www.airlinequality.com/airport-reviews/toulouse-airport
Tours,https://www.airlinequality.com/airport-reviews/tours-val-de-loire-airport
Townsville,https://www.airlinequality.com/airport-reviews/townsville-airport
Trabzon,https://www.airlinequality.com/airport-reviews/trabzon-airport
Trapani-birgi,https://www.airlinequality.com/airport-reviews/trapani-birgi-airport
Tri-Cities,https://www.airlinequality.com/airport-reviews/tri-cities-airport
Trieste,https://www.airlinequality.com/airport-reviews/trieste-airport
Tripoli,https://www.airlinequality.com/airport-reviews/tripoli-airport
Trivandrum,https://www.airlinequality.com/airport-reviews/trivandrum-airport
Tromso,https://www.airlinequality.com/airport-reviews/tromso-airport
Trondheim,https://www.airlinequality.com/airport-reviews/trondheim-airport
Tucson,https://www.airlinequality.com/airport-reviews/tucson-airport
Tulsa International,https://www.airlinequality.com/airport-reviews/tulsa-international-airport
Tunis Carthage,https://www.airlinequality.com/airport-reviews/tunis-carthage-airport
Turin,https://www.airlinequality.com/airport-reviews/turin-airport
Tweed New Haven,https://www.airlinequality.com/airport-reviews/tweed-new-haven-airport
Udaipur,https://www.airlinequality.com/airport-reviews/udaipur-airport
Udon Thani,https://www.airlinequality.com/airport-reviews/udon-thani-airport
Ulaanbaatar,https://www.airlinequality.com/airport-reviews/ulaanbaatar-airport
University Park,https://www.airlinequality.com/airport-reviews/university-park-airport
Urgench International,https://www.airlinequality.com/airport-reviews/urgench-international-airport
Urumqi,https://www.airlinequality.com/airport-reviews/urumqi-airport
Ushuaia,https://www.airlinequality.com/airport-reviews/ushuaia-airport
Vadodara,https://www.airlinequality.com/airport-reviews/vadodara-airport
Valencia,https://www.airlinequality.com/airport-reviews/valencia-airport
Valladolid,https://www.airlinequality.com/airport-reviews/valladolid-airport
Vancouver,https://www.airlinequality.com/airport-reviews/vancouver-airport
Varadero,https://www.airlinequality.com/airport-reviews/varadero-airport
Varna,https://www.airlinequality.com/airport-reviews/varna-airport
Venice Marco Polo,https://www.airlinequality.com/airport-reviews/venice-marco-polo-airport
Venice Treviso,https://www.airlinequality.com/airport-reviews/venice-treviso-airport
Veracruz,https://www.airlinequality.com/airport-reviews/veracruz-airport
Verona,https://www.airlinequality.com/airport-reviews/verona-airport
Victoria Falls,https://www.airlinequality.com/airport-reviews/victoria-falls-airport
Victoria Intl,https://www.airlinequality.com/airport-reviews/victoria-intl-airport
Vienna,https://www.airlinequality.com/airport-reviews/vienna-airport
Vientiane,https://www.airlinequality.com/airport-reviews/vientiane-airport
Vilanculos,https://www.airlinequality.com/airport-reviews/vilanculos
Vilnius,https://www.airlinequality.com/airport-reviews/vilnius-airport
Visby,https://www.airlinequality.com/airport-reviews/visby-airport
Vladivostok,https://www.airlinequality.com/airport-reviews/vladivostok-airport
Vnukovo,https://www.airlinequality.com/airport-reviews/vnukovo-airport
Volgograd,https://www.airlinequality.com/airport-reviews/volgograd-airport
Waco,https://www.airlinequality.com/airport-reviews/waco-airport
Wagga Wagga,https://www.airlinequality.com/airport-reviews/wagga-wagga-airport
Wakkanai,https://www.airlinequality.com/airport-reviews/wakkanai-airport
Walvis Bay,https://www.airlinequality.com/airport-reviews/walvis-bay-airport
Warsaw Chopin,https://www.airlinequality.com/airport-reviews/warsaw-chopin-airport
Warsaw Modlin,https://www.airlinequality.com/airport-reviews/warsaw-modlin-airport
Warsaw-Radom,https://www.airlinequality.com/airport-reviews/warsaw-radom-airport
Washington Dulles,https://www.airlinequality.com/airport-reviews/washington-dulles-airport
Washington National,https://www.airlinequality.com/airport-reviews/washington-reagan-national-airport
Waterford,https://www.airlinequality.com/airport-reviews/waterford-airport
Weeze,https://www.airlinequality.com/airport-reviews/weeze-airport
Weihai,https://www.airlinequality.com/airport-reviews/weihai-airport
Wellington,https://www.airlinequality.com/airport-reviews/wellington-airport
Wenzhou Longwan,https://www.airlinequality.com/airport-reviews/wenzhou-longwan-airport
Westchester County,https://www.airlinequality.com/airport-reviews/westchester-county-airport
Westerland,https://www.airlinequality.com/airport-reviews/westerland-sylt-airport
Wichita,https://www.airlinequality.com/airport-reviews/wichita-airport
Wick,https://www.airlinequality.com/airport-reviews/wick-airport
Wilkes-Barre Scranton,https://www.airlinequality.com/airport-reviews/wilkes-barre-scranton-airport
Wilson,https://www.airlinequality.com/airport-reviews/wilson-airport
Windhoek,https://www.airlinequality.com/airport-reviews/windhoek-airport
Winnipeg,https://www.airlinequality.com/airport-reviews/winnipeg-airport
Wroclaw,https://www.airlinequality.com/airport-reviews/wroclaw-strachowice-airport
Xi'an,https://www.airlinequality.com/airport-reviews/xian-xianyang-airport
Xiamen,https://www.airlinequality.com/airport-reviews/xiamen-airport
Xining,https://www.airlinequality.com/airport-reviews/xining-airport
Yangon,https://www.airlinequality.com/airport-reviews/yangon-airport
Yaounde,https://www.airlinequality.com/airport-reviews/yaounde-airport
Yerevan,https://www.airlinequality.com/airport-reviews/yerevan-airport
Yichang Sanxia,https://www.airlinequality.com/airport-reviews/yichang-sanxia-airport
Yiwu,https://www.airlinequality.com/airport-reviews/yiwu-airport
Yogyakarta,https://www.airlinequality.com/airport-reviews/yogyakarta-airport
Yuzhno Sakhalinsk,https://www.airlinequality.com/airport-reviews/yuzhno-sakhalinsk-airport
Zadar,https://www.airlinequality.com/airport-reviews/zadar-airport
Zagreb,https://www.airlinequality.com/airport-reviews/zagreb-airport
Zakynthos,https://www.airlinequality.com/airport-reviews/zakynthos-airport
Zanzibar,https://www.airlinequality.com/airport-reviews/zanzibar-airport
Zaporizhia,https://www.airlinequality.com/airport-reviews/zaporizhia-airport
Zaragoza,https://www.airlinequality.com/airport-reviews/zaragoza-airport
Zhengzhou,https://www.airlinequality.com/airport-reviews/zhengzhou-airport
Zhuhai,https://www.airlinequality.com/airport-reviews/zhuhai-airport
Zhukovsky International,https://www.airlinequality.com/airport-reviews/zhukovsky-international-airport
Zurich,https://www.airlinequality.com/airport-reviews/zurich-airport
Taipei Airport142 Reviews,https://www.airlinequality.com/airport-reviews/taipei-taoyuan-airport
Read more,https://www.airlinequality.com/airport-reviews/taipei-taoyuan-airport/
Copenhagen Airport255 Reviews,https://www.airlinequality.com/airport-reviews/copenhagen-airport
Read more,https://www.airlinequality.com/airport-reviews/copenhagen-airport/
Nairobi Airport84 Reviews,https://www.airlinequality.com/airport-reviews/nairobi-airport
Read more,https://www.airlinequality.com/airport-reviews/nairobi-airport/
